INSERT INTO hibernate_sequence(next_val) VALUES(100);
INSERT INTO T_PEOPLE(ID,FULL_NAME,PIN) VALUES
    (1,'Иван Иванов','1234567890')
    ,(2,'Петър Петров','1234567891')
    ,(3,'Георги Георгиев','1234567892');
INSERT INTO T_MAILS(ID,T_PEOPLE_ID,EMAIL_TYPE,EMAIL) VALUES
    (4,1,'Личен','test1@abv.bg')
    ,(5,2,'Служ','test2@abv.bg')
    ,(6,3,'Личен','test3@abv.bg')
    ,(7,3,'Служ','test4@abv.bg');
INSERT INTO T_ADDRESSES(ID,T_PEOPLE_ID,ADDR_TYPE,ADDR_INFO) VALUES
    (8,1,'Дом','ул. Тинтява 12')
    ,(9,2,'Дом','ул. Пробна 22')
    ,(10,3,'Служ','ул. Люляк 44');
INSERT INTO T_SALARY(ID,T_PEOPLE_ID,YEAR,MONTH,SALARY) VALUES
    (11,1,2019,1,1000)
    ,(12,1,2019,2,1000)
    ,(13,1,2019,3,1000)
    ,(14,1,2019,4,1000)
    ,(15,1,2019,5,1000)
    ,(16,1,2019,6,1000)
    ,(17,1,2019,7,1000)
    ,(18,1,2019,8,1000)
    ,(19,1,2019,9,1000)
    ,(20,1,2019,10,1000)
    ,(21,1,2019,11,1000)
    ,(22,1,2019,12,1000)
    ,(23,1,2020,1,2000)
    ,(24,1,2020,2,2000)
    ,(25,1,2020,3,2000)
    ,(26,1,2020,4,2000)
    ,(27,1,2020,5,2000)
    ,(28,1,2020,6,2000)
    ,(29,1,2020,7,2000)
    ,(30,1,2020,8,2000)
    ,(31,1,2020,9,2000)
    ,(32,1,2020,10,2000)
    ,(33,1,2020,11,2000)
    ,(34,1,2020,12,2000)
    ,(41,2,2019,2,2000)
    ,(42,2,2019,2,2000)
    ,(43,2,2019,3,2000)
    ,(44,2,2019,4,2000)
    ,(45,2,2019,5,2000)
    ,(46,2,2019,6,2000)
    ,(47,2,2019,7,2000)
    ,(48,2,2019,8,2000)
    ,(49,2,2019,9,2000)
    ,(50,2,2019,10,2000)
    ,(51,2,2019,11,2000)
    ,(52,2,2019,12,2000)
    ,(53,2,2020,2,2000)
    ,(54,2,2020,2,2000)
    ,(55,2,2020,3,2000)
    ,(56,2,2020,4,2000)
    ,(57,2,2020,5,2000)
    ,(58,2,2020,6,2000)
    ,(59,2,2020,7,2000)
    ,(60,2,2020,8,2000)
    ,(61,2,2020,9,2000)
    ,(62,2,2020,10,2000)
    ,(63,2,2020,11,2000)
    ,(64,2,2020,12,2000);